,ProductName,ProductLink,PackSize,Price,Review,Rating,Discount
0,Tea Tree Facewash for acne & pimples,https://mamaearth.in/product/tea-tree-face-wash,100ml,₹249.00,"This tea tree infused anti acne face wash worked really well for me. It helped in controlling my breakouts. Great product! – Ritesh, 24
 I believe this to be the best face wash for acne and pimples for me. The face wash doesn’t dry out my face and at the same time has decreased my acne",4.9,N/A
1,Anti Hair Fall Kit for complete hair care,https://mamaearth.in/product/anti-hair-fall-kit,Kit,"₹1,199.00",Very nice it reduced hairfall very effective now hair looks more healthy,4.8,(25% off)
2,"Argan Hair Mask with Argan, Avocado Oil, and Milk Protein for Frizz-free & Stronger Hair",https://mamaearth.in/product/argan-hair-mask,200ml,₹599.00,Mamaearth onion hair mask is an awesome  product  it makes my hair look so good and has helped me reduce hair fall..worth buying product,4.8,N/A
3,Ubtan Bamboo Sheet Mask with Turmeric & Saffron for Skin Brightening ,https://mamaearth.in/product/ubtan-bamboo-sheet-mask-with-turmeric-saffron-for-skin-brightening-25-g,25g,₹149.00,It's amazing. Must try!,5,N/A
4,Niacinamide Bamboo Sheet Mask with Niacinamide & Ginger Extract for Clear & Glowing Skin ,https://mamaearth.in/product/niacinamide-bamboo-sheet-mask-with-niacinamide-ginger-extract-for-clear-glowing-skin-25-g,25g,₹149.00,This niacinamide sheet mask helped me reduce acne marks and improves skin texture,5,N/A
5,Onion Shampoo and Onion Hair Serum,https://mamaearth.in/product/onion-shampoo-onion-hair-serum,Combo,₹634.00,I like all product. Very good quality and customer service,5,(2% off)
6,Onion Shampoo and Oil,https://mamaearth.in/product/onion-shampoo-oil-combo,Combo,₹924.00,It's really good...Must buy,5,(3% off)
7,Onion Shampoo for Hair Growth & Hair Fall Control (250 ml) - Pack,https://mamaearth.in/product/onion-shampoo-for-hair-growth-hair-fall-control-250-ml-pack-of-2,2,₹679.00,After the postpartum I had severe hairfall one of my friend had recommended the shampoo and conditioner. It had worked very well for me. My hairfall is also stop and I can new hair growth also.,5,(3% off)
8,Spotless Skin Combo: Ubtan Facewash - 100ml and Bye Bye Blemishes Face Cream,https://mamaearth.in/product/spotless-skin-combo,30ml,₹679.00,V useful combo .both products gives good effect on skin ...I had hyper pigmentation and bye bye blemishes cream worked well fr me . It's hydrating n gives moisturising effect. Clearing my black spots .ubtan face wash also cleans the blackness on face . Overall I m happy with the results,5,(3% off)
9,Anti Acne Kit,https://mamaearth.in/product/anti-acne-kit,Kit,₹849.00,I have dry skin .can i use this kit,5,(26% off)
10,Onion Scalp Serum with Onion & Niacinamide for Healthy Hair Growth,https://mamaearth.in/product/onion-scalp-serum-with-onion-niacinamide-for-healthy-hair-growth-50ml,50ml,₹599.00,Very very good Product....I love it...very good quality,5,N/A
11,Vitamin C Body Lotion with Vitamin C & Honey for Radiant Skin – 400 ml,https://mamaearth.in/product/vitamin-c-body-lotion-with-vitamin-c-honey-for-radiant-skin-400-ml,400ml,₹399.00,"Okayish product. To be very honest, it's not moisturizing at all especially for dry skin people. But the ingredients are quite impressive.",4.8,N/A
12,Ubtan Body Lotion with Turmeric & Kokum Butter for Glowing Skin ,https://mamaearth.in/product/ubtan-body-lotion-with-turmeric-kokum-butter-for-glowing-skin-400-ml,400ml,₹399.00,This lotion is really awesome...and also improves skin texture and enhance its suppleness...,5,N/A
13,Vitamin C Foaming Face Wash with Vitamin C & Turmeric for Skin Illumination,https://mamaearth.in/product/vitamin-c-foaming-face-wash-with-vitamin-c-turmeric-for-skin-illumination-150ml,150ml,₹399.00,Mamaearth vitaminC foaming facewash is an amazing product. It makes my skin so clear and soft. Love it. MUST TRY!,5,N/A
14,Vitamin C Face Wash with Vitamin C and Turmeric for Skin Illumination,https://mamaearth.in/product/vitamin-c-face-wash-with-vitamin-c-and-turmeric-for-skin-illumination-100ml,100ml,₹249.00,Very good product with good customer service,4.9,N/A
15,Vitamin C Face Cream with Vitamin C & SPF 20 for Skin Illumination,https://mamaearth.in/product/vitamin-c-face-cream-with-vitamin-c-spf-20-for-skin-illumination-50g,50g,₹599.00,I really love this product vitamin c is really important and it's the best face cream i found till now. It's chemical free what u want more. Thank u soo much mamaearth for opening all the products thank u!!!,5,N/A
16,Vitamin C Face Mask With Vitamin C & Kaolin Clay for Skin Illumination ,https://mamaearth.in/product/vitamin-c-face-mask-with-vitamin-c-kaolin-clay-for-skin-illumination-100-g,100g,₹499.00,good...must try,4.9,N/A
17,Vitamin C Sleeping Mask with Aloe Vera for Skin Illumination ,https://mamaearth.in/product/vitamin-c-sleeping-mask-with-aloe-vera-for-skin-illumination-100-g,100g,₹599.00,Was looking for a face mask from a long time and someone recommended me this and I am happy I used this . It's really good and effective . Gave me glowing skin . Loved it,5,N/A
18,"Onion Hair Mask, For Hair Fall Control, With Onion Oil and Organic Bamboo",https://mamaearth.in/product/tn-onion-hair-mask-for-hair-fall-control-with-onion-oil-organic-bamboo-vinegar-200ml,200ml,₹599.00,"Best hair mask for softening hair, hair fall reduction part yet to be observed. ",5,N/A
19,Hairfall Control Kit,https://mamaearth.in/product/tn-hairfall-control-kit,Kit,₹999.00,N/A,4.9,(28% off)
20,Argan Conditioner with Argan & Apple Cider Vinegar for Frizz-Free and Stronger Hair,https://mamaearth.in/product/argan-conditioner-with-argan-apple-cider-vinegar-for-frizz-free-and-stronger-hair,250ml,₹349.00,Doing this conditioner after mamaearth argan shampoo gave me unpredictable result. I was not expecting that my scalp would feel so much nourish after the use of it.,5,N/A
21,Onion Hair Serum and Onion Hair Oil,https://mamaearth.in/product/onion-hair-serum-onion-hair-oil,Combo,₹679.00,Mamaearth onion hair oil and serum aee amazing. Thankyou for such an amazing product. It has really helped me fight my hairfall problem. Love it,5,(3% off)
22,Onion Hair Oil for Hair Regrowth & Hair Fall Control,https://mamaearth.in/product/onion-hair-oil-for-hair-regrowth-hair-fall-control-with-redensyl-250ml,250ml,₹599.00,N/A,5,N/A
23,Ubtan Face Scrub with Turmeric & Walnut for Tan Removal,https://mamaearth.in/product/ubtan-scrub-for-face-with-turmeric-walnut-for-tan-removal-100g,100g,₹349.00,This concept of ubtan is something I am in love with. The turmeric face scrub is now a part of my skin regime! Love the entire ubtan range.,5,N/A
24,"Vitamin C Face Toner with Vitamin C & Cucumber for Pore Tightening,",https://mamaearth.in/product/vitamin-c-face-toner-with-vitamin-c-cucumber-for-pore-tightening-200-ml,200ml,₹399.00,This is amazing,4.8,N/A
25,Aloe Vera Gel with Pure Aloe Vera & Vitamin E for Skin and Hair,https://mamaearth.in/product/aloe-vera-gel-for-face-with-pure-aloe-vera-vitamin-e-for-skin-and-hair-300ml,300ml,₹399.00,Started using this from last month and I have seen a change in my skin..it's glowing and clean..use it twice or thrice a day whenever I get time to wash my face,5,N/A
26,"Onion Hair Serum with Onion & Biotin for Strong, Frizz-Free Hair ",https://mamaearth.in/product/onion-hair-serum-with-onion-biotin-for-strong-frizz-free-hair-100-ml,100ml,₹299.00,N/A,4.9,N/A
27,Skin Correct Face Serum with Niacinamide and Ginger Extract for Acne Marks & Scars ,https://mamaearth.in/product/skin-correct-face-serum-with-niacinamide-and-ginger-extract-for-acne-marks-scars-30-ml,30ml,₹599.00,This is a great product for a person suffering form uneven skin and dull skin. My skin is much better now...  great product mamaearth...,5,N/A
28,Skin Illuminate Face Serum for Radiant Skin with Vitamin C & Turmeric ,https://mamaearth.in/product/skin-illuminate-face-serum-for-radiant-skin-with-vitamin-c-turmeric-30-gm,30gm,₹599.00,N/A,4.9,N/A
29,Bye Bye Dark Circles Eye Cream with Cucumber & Peptides for Dark Circles,https://mamaearth.in/product/bye-bye-dark-circles-eye-cream-with-cucumber-peptides-for-dark-circles-20ml,20ml,₹399.00,Hands down the best under eye cream for dark circles. I love it and does not feel sticky or look oily. I make sure to use this dark circle treatment every day.,5,N/A
30,Onion Shampoo for Hair Growth and Hair Fall Control with Onion Oil and Plant,https://mamaearth.in/product/onion-shampoo-for-hair-growth-and-hair-fall-control-with-onion-oil-and-plant-keratin-400ml,400ml,₹559.00,Effective product.. It works,4.8,N/A
31,Onion Conditioner for Hair Growth and Hair Fall Control with Onion and Coconut,https://mamaearth.in/product/onion-conditioner-for-hair-growth-and-hair-fall-control-with-onion-and-coconut-400ml,400ml,₹559.00,super......product...,5,N/A
32,Tea Tree Shampoo for Dandruff Free Hair,https://mamaearth.in/product/tea-tree-shampoo-for-dandruff-free-hair-250ml,250ml,₹349.00,It really worked after first use only. Thanks!! mamaearth,4.9,N/A
33,Onion Shampoo for Hair Growth and Hair Fall Control with Onion Oil and Plant Keratin,https://mamaearth.in/product/mamaearth-onion-shampoo-for-hair-growth-hair-fall-control-with-onion-oil-plant-keratin-250-ml,250ml,₹349.00,N/A,5,N/A
34,"Onion Hair Mask, For Hair Fall Control, With Onion Oil and Organic Bamboo",https://mamaearth.in/product/onion-hair-mask-for-hair-fall-control-with-onion-oil-organic-bamboo-vinegar-200ml,200ml,₹599.00,N/A,5,N/A
35,Tea Tree Conditioner with Tea Tree & Ginger Oil for Dandruff Free,https://mamaearth.in/product/mamaearth-tea-tree-conditioner-with-tea-tree-ginger-oil-for-dandruff-free-hair-250ml,250ml,₹349.00,This actually made my scalp itch-free with such smooth hair.,5,N/A
36,Bye Bye Blemishes Face Cream for Reducing Pigmentation & Blemishes with Mulberry Extract & Vitamin C,https://mamaearth.in/product/bye-bye-blemishes-face-cream-for-pigmentation-blemish-removal-with-mulberry-extract-vitamin-c-30ml,30ml,₹449.00,I liked the face cream. it shows amazing results in just a week.  Mamaearth bye bye blemish is a very good product.,4.9,N/A
37,"Hair Regrowth Combo : Onion Shampoo, 250ml and Onion Conditioner",https://mamaearth.in/product/hair-regrowth-combo-onion-shampoo-onion-conditioner,250ml,₹679.00,N/A,5,(3% off)
38,Oil-Free Face Moisturizer for Acne-Prone Skin,https://mamaearth.in/product/oil-free-face-moisturizer-with-apple-cider-vinegar-for-acne-prone-skin,80ml,₹299.00,Mamaearth oil free face moisturizer is too chemical free and best for skin.,5,N/A
39,"Ultra Light Indian Sunscreen with Carrot Seed, Turmeric & SPF 50 PA+++",https://mamaearth.in/product/mamaearths-ultra-light-indian-sunscreen,80ml,₹499.00,No doubt that it is the best sunscreen cream for face. For oily skin it works the best by keeping it nourished and creating a protective layer that isn’t sticky.,4.9,N/A
40,"Skin Lightening & Brightening Combo : Ubtan Facemask, 100ml and Ubtan",https://mamaearth.in/product/mamaearth-combos-skin-lightening-and-brightening-combo,100ml,₹724.00,It's  really effective and good.,4.8,(3% off)
41,Ubtan Face Mask with Saffron & Turmeric for Skin Brightening and Tan Removal,https://mamaearth.in/product/ubtan-face-mask-for-skin-lightening-brightening,100g,₹499.00,N/A,4.9,N/A
42,Ubtan Face Wash for Tan Removal,https://mamaearth.in/product/ubtan-face-wash,100ml,₹249.00,It is indeed a great product. I bought it to post review. I used it for 2 and a half month and still doing. My blackheads are completely gone which seemed  to me an impossible task. Just because of mamaearth ubtan face wash.,4.9,N/A
43,Tea Tree Facewash for acne & pimples,https://mamaearth.in/product/tea-tree-face-wash,100ml,₹249.00,"This tea tree infused anti acne face wash worked really well for me. It helped in controlling my breakouts. Great product! – Ritesh, 24
 I believe this to be the best face wash for acne and pimples for me. The face wash doesn’t dry out my face and at the same time has decreased my acne",4.9,N/A
44,Anti Hair Fall Kit for complete hair care,https://mamaearth.in/product/anti-hair-fall-kit,Kit,"₹1,199.00",Very nice it reduced hairfall very effective now hair looks more healthy,4.8,(25% off)
45,"Argan Hair Mask with Argan, Avocado Oil, and Milk Protein for Frizz-free & Stronger Hair",https://mamaearth.in/product/argan-hair-mask,200ml,₹599.00,Mamaearth onion hair mask is an awesome  product  it makes my hair look so good and has helped me reduce hair fall..worth buying product,4.8,N/A
46,Ubtan Bamboo Sheet Mask with Turmeric & Saffron for Skin Brightening ,https://mamaearth.in/product/ubtan-bamboo-sheet-mask-with-turmeric-saffron-for-skin-brightening-25-g,25g,₹149.00,It's amazing. Must try!,5,N/A
47,Niacinamide Bamboo Sheet Mask with Niacinamide & Ginger Extract for Clear & Glowing Skin ,https://mamaearth.in/product/niacinamide-bamboo-sheet-mask-with-niacinamide-ginger-extract-for-clear-glowing-skin-25-g,25g,₹149.00,This niacinamide sheet mask helped me reduce acne marks and improves skin texture,5,N/A
48,Onion Shampoo and Onion Hair Serum,https://mamaearth.in/product/onion-shampoo-onion-hair-serum,Combo,₹634.00,I like all product. Very good quality and customer service,5,(2% off)
49,Onion Shampoo and Oil Combo,https://mamaearth.in/product/onion-shampoo-oil-combo,Combo,₹924.00,It's really good...Must buy,5,(3% off)
50,Onion Shampoo for Hair Growth & Hair Fall Control (250 ml) - Pack,https://mamaearth.in/product/onion-shampoo-for-hair-growth-hair-fall-control-250-ml-pack-of-2,2,₹679.00,After the postpartum I had severe hairfall one of my friend had recommended the shampoo and conditioner. It had worked very well for me. My hairfall is also stop and I can new hair growth also.,5,(3% off)
51,Spotless Skin Combo: Ubtan Facewash - 100ml and Bye Bye Blemishes Face Cream,https://mamaearth.in/product/spotless-skin-combo,30ml,₹679.00,V useful combo .both products gives good effect on skin ...I had hyper pigmentation and bye bye blemishes cream worked well fr me . It's hydrating n gives moisturising effect. Clearing my black spots .ubtan face wash also cleans the blackness on face . Overall I m happy with the results,5,(3% off)
52,Anti Acne Kit,https://mamaearth.in/product/anti-acne-kit,Kit,₹849.00,I have dry skin .can i use this kit,5,(26% off)
53,Onion Scalp Serum with Onion & Niacinamide for Healthy Hair Growth,https://mamaearth.in/product/onion-scalp-serum-with-onion-niacinamide-for-healthy-hair-growth-50ml,50ml,₹599.00,Very very good Product....I love it...very good quality,5,N/A
54,Vitamin C Body Lotion with Vitamin C & Honey for Radiant Skin – 400 ml,https://mamaearth.in/product/vitamin-c-body-lotion-with-vitamin-c-honey-for-radiant-skin-400-ml,400ml,₹399.00,"Okayish product. To be very honest, it's not moisturizing at all especially for dry skin people. But the ingredients are quite impressive.",4.8,N/A
55,Ubtan Body Lotion with Turmeric & Kokum Butter for Glowing Skin ,https://mamaearth.in/product/ubtan-body-lotion-with-turmeric-kokum-butter-for-glowing-skin-400-ml,400ml,₹399.00,This lotion is really awesome...and also improves skin texture and enhance its suppleness...,5,N/A
56,Vitamin C Foaming Face Wash with Vitamin C & Turmeric for Skin Illumination,https://mamaearth.in/product/vitamin-c-foaming-face-wash-with-vitamin-c-turmeric-for-skin-illumination-150ml,150ml,₹399.00,Mamaearth vitaminC foaming facewash is an amazing product. It makes my skin so clear and soft. Love it. MUST TRY!,5,N/A
57,Vitamin C Face Wash with Vitamin C and Turmeric for Skin Illumination,https://mamaearth.in/product/vitamin-c-face-wash-with-vitamin-c-and-turmeric-for-skin-illumination-100ml,100ml,₹249.00,Very good product with good customer service,4.9,N/A
58,Vitamin C Face Cream with Vitamin C & SPF 20 for Skin Illumination,https://mamaearth.in/product/vitamin-c-face-cream-with-vitamin-c-spf-20-for-skin-illumination-50g,50g,₹599.00,I really love this product vitamin c is really important and it's the best face cream i found till now. It's chemical free what u want more. Thank u soo much mamaearth for opening all the products thank u!!!,5,N/A
59,Vitamin C Face Mask With Vitamin C & Kaolin Clay for Skin Illumination ,https://mamaearth.in/product/vitamin-c-face-mask-with-vitamin-c-kaolin-clay-for-skin-illumination-100-g,100g,₹499.00,good...must try,4.9,N/A
60,Vitamin C Sleeping Mask with Aloe Vera for Skin Illumination ,https://mamaearth.in/product/vitamin-c-sleeping-mask-with-aloe-vera-for-skin-illumination-100-g,100g,₹599.00,Was looking for a face mask from a long time and someone recommended me this and I am happy I used this . It's really good and effective . Gave me glowing skin . Loved it,5,N/A
61,"Onion Hair Mask, For Hair Fall Control, With Onion Oil and Organic Bamboo Vinegar",https://mamaearth.in/product/tn-onion-hair-mask-for-hair-fall-control-with-onion-oil-organic-bamboo-vinegar-200ml,200ml,₹599.00,"Best hair mask for softening hair, hair fall reduction part yet to be observed. ",5,N/A
62,Hairfall Control Kit,https://mamaearth.in/product/tn-hairfall-control-kit,Kit,₹999.00,N/A,4.9,(28% off)
63,Argan Conditioner with Argan & Apple Cider Vinegar for Frizz-Free and Stronger Hair,https://mamaearth.in/product/argan-conditioner-with-argan-apple-cider-vinegar-for-frizz-free-and-stronger-hair,250ml,₹349.00,Doing this conditioner after mamaearth argan shampoo gave me unpredictable result. I was not expecting that my scalp would feel so much nourish after the use of it.,5,N/A
64,Onion Hair Serum and Onion Hair,https://mamaearth.in/product/onion-hair-serum-onion-hair-oil,Combo,₹679.00,Mamaearth onion hair oil and serum aee amazing. Thankyou for such an amazing product. It has really helped me fight my hairfall problem. Love it,5,(3% off)
65,Onion Hair Oil for Hair Regrowth & Hair Fall,https://mamaearth.in/product/onion-hair-oil-for-hair-regrowth-hair-fall-control-with-redensyl-250ml,250ml,₹599.00,N/A,5,N/A
66,Ubtan Face Scrub with Turmeric & Walnut for Tan Removal,https://mamaearth.in/product/ubtan-scrub-for-face-with-turmeric-walnut-for-tan-removal-100g,100g,₹349.00,This concept of ubtan is something I am in love with. The turmeric face scrub is now a part of my skin regime! Love the entire ubtan range.,5,N/A
67,"Vitamin C Face Toner with Vitamin C & Cucumber for Pore Tightening,",https://mamaearth.in/product/vitamin-c-face-toner-with-vitamin-c-cucumber-for-pore-tightening-200-ml,200ml,₹399.00,This is amazing,4.8,N/A
68,Aloe Vera Gel with Pure Aloe Vera & Vitamin E for Skin and Hair,https://mamaearth.in/product/aloe-vera-gel-for-face-with-pure-aloe-vera-vitamin-e-for-skin-and-hair-300ml,300ml,₹399.00,Started using this from last month and I have seen a change in my skin..it's glowing and clean..use it twice or thrice a day whenever I get time to wash my face,5,N/A
69,"Onion Hair Serum with Onion & Biotin for Strong, Frizz-Free Hair ",https://mamaearth.in/product/onion-hair-serum-with-onion-biotin-for-strong-frizz-free-hair-100-ml,100ml,₹299.00,N/A,4.9,N/A
70,Skin Correct Face Serum with Niacinamide and Ginger Extract for Acne Marks & Scars ,https://mamaearth.in/product/skin-correct-face-serum-with-niacinamide-and-ginger-extract-for-acne-marks-scars-30-ml,30ml,₹599.00,This is a great product for a person suffering form uneven skin and dull skin. My skin is much better now...  great product mamaearth...,5,N/A
71,Skin Illuminate Face Serum for Radiant Skin with Vitamin C & Turmeric ,https://mamaearth.in/product/skin-illuminate-face-serum-for-radiant-skin-with-vitamin-c-turmeric-30-gm,30gm,₹599.00,N/A,4.9,N/A
72,Bye Bye Dark Circles Eye Cream with Cucumber & Peptides for Dark Circles,https://mamaearth.in/product/bye-bye-dark-circles-eye-cream-with-cucumber-peptides-for-dark-circles-20ml,20ml,₹399.00,Hands down the best under eye cream for dark circles. I love it and does not feel sticky or look oily. I make sure to use this dark circle treatment every day.,5,N/A
73,Onion Shampoo for Hair Growth and Hair Fall Control with Onion Oil and Plant,https://mamaearth.in/product/onion-shampoo-for-hair-growth-and-hair-fall-control-with-onion-oil-and-plant-keratin-400ml,400ml,₹559.00,Effective product.. It works,4.8,N/A
74,Onion Conditioner for Hair Growth and Hair Fall Control with Onion and,https://mamaearth.in/product/onion-conditioner-for-hair-growth-and-hair-fall-control-with-onion-and-coconut-400ml,400ml,₹559.00,super......product...,5,N/A
75,Tea Tree Shampoo for Dandruff Free Hair,https://mamaearth.in/product/tea-tree-shampoo-for-dandruff-free-hair-250ml,250ml,₹349.00,It really worked after first use only. Thanks!! mamaearth,4.9,N/A
76,Onion Shampoo for Hair Growth and Hair Fall Control with Onion Oil and Plant Keratin,https://mamaearth.in/product/mamaearth-onion-shampoo-for-hair-growth-hair-fall-control-with-onion-oil-plant-keratin-250-ml,250ml,₹349.00,N/A,5,N/A
77,"Onion Hair Mask, For Hair Fall Control, With Onion Oil and Organic Bamboo",https://mamaearth.in/product/onion-hair-mask-for-hair-fall-control-with-onion-oil-organic-bamboo-vinegar-200ml,200ml,₹599.00,N/A,5,N/A
78,Tea Tree Conditioner with Tea Tree & Ginger Oil for Dandruff Free,https://mamaearth.in/product/mamaearth-tea-tree-conditioner-with-tea-tree-ginger-oil-for-dandruff-free-hair-250ml,250ml,₹349.00,This actually made my scalp itch-free with such smooth hair.,5,N/A
79,Bye Bye Blemishes Face Cream for Reducing Pigmentation & Blemishes with Mulberry Extract & Vitamin C,https://mamaearth.in/product/bye-bye-blemishes-face-cream-for-pigmentation-blemish-removal-with-mulberry-extract-vitamin-c-30ml,30ml,₹449.00,I liked the face cream. it shows amazing results in just a week.  Mamaearth bye bye blemish is a very good product.,4.9,N/A
80,"Hair Regrowth Combo : Onion Shampoo, 250ml and Onion",https://mamaearth.in/product/hair-regrowth-combo-onion-shampoo-onion-conditioner,250ml,₹679.00,N/A,5,(3% off)
81,Oil-Free Face Moisturizer for Acne-Prone Skin,https://mamaearth.in/product/oil-free-face-moisturizer-with-apple-cider-vinegar-for-acne-prone-skin,80ml,₹299.00,Mamaearth oil free face moisturizer is too chemical free and best for skin.,5,N/A
82,"Ultra Light Indian Sunscreen with Carrot Seed, Turmeric & SPF 50 PA+++",https://mamaearth.in/product/mamaearths-ultra-light-indian-sunscreen,80ml,₹499.00,No doubt that it is the best sunscreen cream for face. For oily skin it works the best by keeping it nourished and creating a protective layer that isn’t sticky.,4.9,N/A
83,"Skin Lightening & Brightening Combo : Ubtan Facemask, 100ml and Ubtan",https://mamaearth.in/product/mamaearth-combos-skin-lightening-and-brightening-combo,100ml,₹724.00,It's  really effective and good.,4.8,(3% off)
84,Ubtan Face Mask with Saffron & Turmeric for Skin Brightening and Tan Removal,https://mamaearth.in/product/ubtan-face-mask-for-skin-lightening-brightening,100g,₹499.00,N/A,4.9,N/A
85,Ubtan Face Wash for Tan Removal,https://mamaearth.in/product/ubtan-face-wash,100ml,₹249.00,It is indeed a great product. I bought it to post review. I used it for 2 and a half month and still doing. My blackheads are completely gone which seemed  to me an impossible task. Just because of mamaearth ubtan face wash.,4.9,N/A
86,Tea Tree Facewash for acne & pimples,https://mamaearth.in/product/tea-tree-face-wash,100ml,₹249.00,"This tea tree infused anti acne face wash worked really well for me. It helped in controlling my breakouts. Great product! – Ritesh, 24
 I believe this to be the best face wash for acne and pimples for me. The face wash doesn’t dry out my face and at the same time has decreased my acne",4.9,N/A
87,Anti Hair Fall Kit ,https://mamaearth.in/product/anti-hair-fall-kit,Kit,"₹1,199.00",Very nice it reduced hairfall very effective now hair looks more healthy,4.8,(25% off)
88,"Argan Hair Mask with Argan, Avocado Oil, and Milk Protein for Frizz-free & Stronger Hair",https://mamaearth.in/product/argan-hair-mask,200ml,₹599.00,Mamaearth onion hair mask is an awesome  product  it makes my hair look so good and has helped me reduce hair fall..worth buying product,4.8,N/A
89,Apple Cider Vinegar Foaming Face Wash with Apple Cider Vinegar & Aloe Vera Water for Deep Cleansing,https://mamaearth.in/product/apple-cider-vinegar-foaming-face-wash-with-apple-cider-vinegar-aloe-vera-water-for-deep-cleansing-150ml,150ml,₹399.00,It's safe and natural✌️,4.9,N/A
90,Ubtan Foaming Face Wash with Turmeric & Saffron for Tan Removal,https://mamaearth.in/product/ubtan-foaming-face-wash-with-turmeric-saffron-for-tan-removal-150ml,150ml,₹399.00,Supet product,5,N/A
91,Tea Tree Body Wash With Tea Tree & Neem For Skin Purification – Pack,https://mamaearth.in/product/tea-tree-body-wash-with-tea-tree-neem-for-skin-purification-pack-of-2,2,₹598.00,N/A,5,N/A
92,Charcoal Body Wash With Charcoal & Mint for Deep Cleansing – Pack,https://mamaearth.in/product/charcoal-body-wash-with-charcoal-mint-for-deep-cleansing-pack-of-2,2,₹598.00,N/A,5,N/A
93,CoCo Body Wash With Coffee & Cocoa For Skin Awakening ,https://mamaearth.in/product/coco-body-wash-with-coffee-cocoa-for-skin-awakening-pack-2,2,₹598.00,N/A,5,N/A
94,Vitamin C Body Wash with Vitamin C & Honey for Skin Illumination - Pack,https://mamaearth.in/product/vitaminc-body-wash-for-women-men-combo,2,₹598.00,N/A,5,N/A
95,"Vitamin C Face Scrub for Glowing Skin, With Vitamin C and Walnut For Skin Illumination ",https://mamaearth.in/product/vitamin-c-face-scrub-for-glowing-skin-with-vitamin-c-and-walnut-for-skin-illumination-100-g,100g,₹349.00,N/A,5,N/A
96,Rice Water Shampoo With Rice Water and Keratin For Damage Repair,https://mamaearth.in/product/rice-water-shampoo-with-rice-water-and-keratin-for-damage-repair-250ml,250ml,₹349.00,Loved it... Good product. Highly effective,4.5,N/A
97,Rice Hair Oil with Rice Bran & Coconut Oil For Damage Repair,https://mamaearth.in/product/rice-hair-oil-with-rice-bran-coconut-oil-for-damage-repair-150ml,150ml,₹399.00,It's very nice... Must try,5,N/A
98,"Rice Water Conditioner with Rice Water & Keratin for Damaged, Dry and Frizzy Hair ",https://mamaearth.in/product/rice-water-conditioner-with-rice-water-keratin-for-damaged-dry-and-frizzy-hair-250-ml,250ml,₹349.00,N/A,5,N/A
99,Tea Tree Body Wash With Tea Tree & Neem For Skin Purification – 300,https://mamaearth.in/product/tea-tree-body-wash-with-tea-tree-neem-for-skin-purification-300-ml,300ml,₹299.00,This is a must-buy body wash as tea tree is great for purifying skin! Thanks Mamaearth!,5,N/A
100,Ubtan Body Wash With Turmeric & Saffron for Glowing Skin ,https://mamaearth.in/product/ubtan-body-wash-with-turmeric-saffron-for-glowing-skin-300-ml,300ml,₹299.00,This is a must-buy body wash as it fights sunburn and ubtan is great for skin repair! Thanks Mamaearth!,5,N/A
101,CoCo Body Wash With Coffee & Cocoa For Skin Awakening – 300 ml,https://mamaearth.in/product/coco-body-wash-with-coffee-cocoa-for-skin-awakening-300-ml,300ml,₹299.00,N/A,5,N/A
102,Charcoal Body Wash With Charcoal & Mint for Deep Cleansing ,https://mamaearth.in/product/charcoal-body-wash-with-charcoal-mint-for-deep-cleansing-300-ml,300ml,₹299.00,I can use this everyday without drying out skin and is also very refreshing with the cooling mint ingredient.,5,N/A
103,Vitamin C Body Wash with Vitamin C & Honey for Skin Illumination,https://mamaearth.in/product/vitamin-c-body-wash-with-vitamin-c-honey-for-skin-illumination-300ml,300ml,₹299.00,This is a must-buy body wash as it fights sunburn and vitamin c is great for skin repair! Thanks Mamaearth!,5,N/A
104,"Retinol Night Cream For Women with Retinol & Bakuchi for Anti Aging, Fine Lines and Wrinkles ",https://mamaearth.in/product/retinol-night-cream-for-women-with-retinol-bakuchi-for-anti-aging-fine-lines-and-wrinkles-50-g,50g,₹699.00,Good product... very effective,5,N/A
105,Retinol Face Wash with Retinol & Bakuchi for Fine Lines and Wrinkles ,https://mamaearth.in/product/retinol-face-wash-with-retinol-bakuchi-for-fine-lines-and-wrinkles-100-ml,100ml,₹299.00,My oily and aging skin are a terrible combination. This is the best retinol face wash in india. Just love it!,4.8,N/A
106,Niacin Face Toner with Niacinamide & Witch Hazel for Acne and Open Pores ,https://mamaearth.in/product/niacin-toner-for-face-with-niacinamide-with-hazel-for-acne-and-open-pores-200-ml,200ml,₹399.00,Using it twice a day... doesn't dry out the skin... I can actually see the difference .. skin is much healthier now... loved it,5,N/A
107,Tea Tree Foaming Face Wash with Tea Tree & Salicylic Acid for Acne & Pimples,https://mamaearth.in/product/tea-tree-foaming-face-wash-with-tea-tree-salicylic-acid-for-acne-pimples-150ml,150ml,₹399.00,My skin has already started seeing improvement with Tea Tree Foaming Face Wash. It’s exfoliator is so good as it can be removed and washed as well. Comes with a cover too for easy travel. Love it!,4.9,N/A
108,Tea Tree Face Serum,https://mamaearth.in/product/tea-tree-face-serum,,₹599.00,Thank you Mamamearth natural tea tree face serum for preventing acne breakouts on my skin. I was so frustrated with them but this has been a game changer for me.,4.9,N/A
109,Retinol Face Serum,https://mamaearth.in/product/mamaearth-retinol-face-serum,,₹799.00,Love how hydrated and fresh my skin feels after every use of Mamaearth retinol face serum. Just started using it and already in love with it.,4.9,N/A
110,Complete Skin Glow Kit,https://mamaearth.in/product/complete-skin-glow-kit,Kit,₹999.00,I liked this product. It's awesome and really effective.,5,(23% off)
111,Coco Intense Skin Awakening Kit,https://mamaearth.in/product/coco-intense-skin-awakening-kit,Kit,₹849.00,N/A,5,(23% off)
112,Vitamin C Radiance Combo,https://mamaearth.in/product/vitamin-c-radiance-combo,Combo,₹824.00,N/A,5,(3% off)
113,Vitamin C Clear Skin Combo ,https://mamaearth.in/product/vitamin-c-clear-skin-combo-200-ml,200ml,₹724.00,N/A,5,(3% off)
114,Vitamin C Skincare Regimen Kit,https://mamaearth.in/product/vitamin-c-skincare-regimen-kit,Kit,₹949.00,very good products Vitamin C Skincare Regimen Kit,5,(24% off)
115,Vitamin C No Make Up Combo,https://mamaearth.in/product/vitamin-c-no-make-up-combo,Combo,₹648.00,N/A,5,N/A
116,Vitamin C Overnight Skin Glow,https://mamaearth.in/product/vitamin-c-overnight-skin-glow-kit,Kit,₹949.00,Awesome products and customer service. Thank you Mamaearth,5,(24% off)
117,Vitamin C Glowing Skin Glow Kit,https://mamaearth.in/product/vitamin-c-glowing-skin-combo,Combo,₹634.00,N/A,5,(2% off)
118,Tea Tree Hair Oil with Tea Tree & Ginger Oil for Dandruff Free Hair,https://mamaearth.in/product/tea-tree-hair-oil-with-tea-tree-ginger-oil-for-dandruff-free-hair-250ml,250ml,₹499.00,Very lightweight and absorbs easily. It also doesn't make hair heavy after oiling. Got much relief from dandruff and itchy scalp in 6 weeks.,5,N/A
119,Argan Hair Oil with Argan Oil & Avocado Oil for Frizz-Free & Stronger Hair ,https://mamaearth.in/product/argan-hair-oil-with-argan-oil-avocado-oil-for-frizz-free-stronger-hair-250-ml,250ml,₹599.00,My crazy curly hair have become so much more enhanced and less frizzy with this argan oil. I love mamaearth and its products.,5,N/A
120,Ubtan Night Face Mask with Turmeric & Niacinamide for Glowing Skin ,https://mamaearth.in/product/ubtan-night-face-mask-with-turmeric-niacinamide-for-glowing-skin-100-g,100g,₹599.00,"OMG! The best mask and so good in clearing acne, tan and acne marks. Must buy!",5,N/A
121,Essential Anti-Hair,https://mamaearth.in/product/essential-anti-hair-fall-kit,Kit,"₹1,299.00","Love this product. Very effective, I highly recommend this",4.8,(23% off)
122,Anti Pollution Kit,https://mamaearth.in/product/anti-pollution-kit,Kit,₹999.00,as I live in a market area I always wanted a product which is with a good result for my skincare and I was suggested this mamaearth product by my sister and now I am loving it.,5,(26% off)
123,Wedding Glow Skin Rejuvenation Kit,https://mamaearth.in/product/wedding-glow-skin-rejuvenation-kit,Kit,"₹1,349.00",Mind blowing product. Must try,5,(25% off)
124,Hyaluronic Bamboo Sheet Mask with Rosehip Oil for Soft & Plump Skin ,https://mamaearth.in/product/hyaluronic-bamboo-sheet-mask-with-rosehip-oil-for-soft-plump-skin-25-g,25g,₹149.00,"For oily skin I have had difficulty finding a mask that suits my skin. 
Most masks leave my skin feeling oilier than before. But not Hyaluronic bamboo sheet mask as it draws out excess oil and makes my skin feel cleansed and fresh.",5,N/A
125,Retinol Bamboo Sheet Mask with Retinol & Bakuchi for Fine Lines & Wrinkles ,https://mamaearth.in/product/retinol-bamboo-sheet-mask-with-retinol-bakuchi-for-fine-lines-wrinkles-25-g,25g,₹149.00,"My mother loved the after effect of the sheet mask. Her skin felt nourished, soft and glowing. Very happy with the results. ",5,N/A
126,CoCo Bamboo Sheet Mask with Coffee & Cocoa for Skin Awakening ,https://mamaearth.in/product/coco-bamboo-sheet-mask-with-coffee-cocoa-for-skin-awakening-25-g,25g,₹149.00,Nice and effective product. Must try!!!,5,N/A
127,Ubtan Bamboo Sheet Mask with Turmeric & Saffron for Skin Brightening ,https://mamaearth.in/product/ubtan-bamboo-sheet-mask-with-turmeric-saffron-for-skin-brightening-25-g,25g,₹149.00,It's amazing. Must try!,5,N/A
128,Rice Water Bamboo Sheet Mask with Rice Water & Coconut Milk for Deep Hydration - 25,https://mamaearth.in/product/rice-water-bamboo-sheet-mask-with-rice-water-coconut-milk-for-deep-hydration-25-g,25g,₹149.00,"This is what i was looking for. Mamaearth, thank u making such products, I can't take out time for myself with two small kids at home, this is easy and effective. NO TAAM JHAAM AND RESULT IS AMAZING.",5,N/A
129,Rose Water Bamboo Sheet Mask with Rose Water & Milk for Glowing Skin ,https://mamaearth.in/product/rose-water-bamboo-sheet-mask-with-rose-water-milk-for-glowing-skin-25-g,25g,₹149.00,Mamaearth  rose water bamboo sheet face mask is best product i have ever used. It smell so good.the mask is bit big on my face.it gives amazing glow and mousturise the skin and make it really soft.,5,N/A
130,Niacinamide Bamboo Sheet Mask with Niacinamide & Ginger Extract for Clear & Glowing Skin ,https://mamaearth.in/product/niacinamide-bamboo-sheet-mask-with-niacinamide-ginger-extract-for-clear-glowing-skin-25-g,25g,₹149.00,This niacinamide sheet mask helped me reduce acne marks and improves skin texture,5,N/A
131,Charcoal Facial Regimen Kit,https://mamaearth.in/product/charcoal-facial-regimen-kit,Kit,₹899.00,N/A,4.9,(25% off)
132,Charcoal Face Wash ,https://mamaearth.in/product/charcoal-face-wash-scrub-combo,Combo,₹584.00,This product makes my skin more glowing.Its natural chemical free and completely safe to use.It suits on all type of skin,5,(2% off)
133,CoCo Face Wash with Coffee & Cocoa for Skin Awakening – Pack,https://mamaearth.in/product/coco-face-wash-with-coffee-cocoa-for-skin-awakening-pack-of-2,2,₹489.00,I recently started using mama earth facewash and within a month I can see results. Must try!!!,5,(2% off)
134,Onion Shampoo and Onion Hair Serum,https://mamaearth.in/product/onion-shampoo-onion-hair-serum,Combo,₹634.00,I like all product. Very good quality and customer service,5,(2% off)
135,Hair Fall Reduction,https://mamaearth.in/product/hair-fall-reduction-combo,Combo,"₹1,249.00",I like this product,5,(4% off)
136,Onion Shampoo and,https://mamaearth.in/product/onion-shampoo-oil-combo,Combo,₹924.00,It's really good...Must buy,5,(3% off)
137,Onion Shampoo for Hair Growth & Hair Fall Control (250 ml) - Pack,https://mamaearth.in/product/onion-shampoo-for-hair-growth-hair-fall-control-250-ml-pack-of-2,2,₹679.00,After the postpartum I had severe hairfall one of my friend had recommended the shampoo and conditioner. It had worked very well for me. My hairfall is also stop and I can new hair growth also.,5,(3% off)
138,Vitamin C Face Wash with Vitamin C and Turmeric for Skin Illumination,https://mamaearth.in/product/vitamin-c-face-wash-with-vitamin-c-and-turmeric-for-skin-illumination-250ml,250ml,₹399.00,Best vitamin c face wash for sensitive skin. It is very light and gentle. It does not leave skin dry and after wash my skin looks bright!,5,N/A
139,Spotless Skin Combo: Ubtan Facewash - 100ml and Bye Bye Blemishes Face Cream,https://mamaearth.in/product/spotless-skin-combo,30ml,₹679.00,V useful combo .both products gives good effect on skin ...I had hyper pigmentation and bye bye blemishes cream worked well fr me . It's hydrating n gives moisturising effect. Clearing my black spots .ubtan face wash also cleans the blackness on face . Overall I m happy with the results,5,(3% off)
140,Hairfall Control Kit,https://mamaearth.in/product/hi-hairfall-control-kit,Kit,₹949.00,N/A,4.9,N/A
141,Skin Illuminate Face Serum for Radiant Skin with Vitamin C & Turmeric ,https://mamaearth.in/product/hi-skin-illuminate-face-serum-for-radiant-skin-with-vitamin-c-turmeric-30-gm,30gm,₹599.00,Vitamin C has become a celebrated ingredient in the skin care industry. My search for a perfect vitamin c serum for skin ended with skin illuminate serum. Just love it!,4.9,N/A
142,Onion Hair Oil for Hair Regrowth and Hair Fall Control with,https://mamaearth.in/product/hi-onion-hair-oil-for-hair-regrowth-hair-fall-control-with-redensyl-150ml,150ml,₹399.00,"HI’ I am Pranjul Sarma have been using Mamaearth Onion oil for a long time now and it deals with all kinds of hair problems whether it's hair fall, dandruff, hair thinning or anything. Earlier I used to apply onion mixed in oil but it gave results in a very long time and that's a time taking process but this hair oil has solved my problem.
",4.9,N/A
143,Ubtan Face Mask with Saffron & Turmeric for Skin Brightening and Tan Removal,https://mamaearth.in/product/hi-ubtan-face-mask-for-skin-lightening-brightening,100g,₹499.00,This turmeric and saffron face mask helped my skin so much. I see a visible difference every time I use it. It’s just the best.,4.8,N/A
144,Onion Hair Oil for Hair Regrowth & Hair Fall,https://mamaearth.in/product/tn-onion-hair-oil-for-hair-regrowth-hair-fall-control-with-redensyl-250ml,250ml,₹599.00,Mamaearth onion hair oil is so amazing. Really love the results. It makes my hair soft and shiny. MUST TRY,5,N/A
145,Onion Hair Oil for Hair Regrowth and Hair Fall Control with,https://mamaearth.in/product/tn-onion-hair-oil-for-hair-regrowth-hair-fall-control-with-redensyl-150ml,150ml,₹399.00,N/A,5,N/A
146,Anti Acne Kit,https://mamaearth.in/product/anti-acne-kit,Kit,₹849.00,I have dry skin .can i use this kit,5,(26% off)
147,Onion Scalp Serum with Onion & Niacinamide for Healthy Hair Growth,https://mamaearth.in/product/onion-scalp-serum-with-onion-niacinamide-for-healthy-hair-growth-50ml,50ml,₹599.00,Very very good Product....I love it...very good quality,5,N/A
148,Vitamin C Body Lotion with Vitamin C & Honey for Radiant Skin – 400 ml,https://mamaearth.in/product/vitamin-c-body-lotion-with-vitamin-c-honey-for-radiant-skin-400-ml,40ml,₹399.00,"Okayish product. To be very honest, it's not moisturizing at all especially for dry skin people. But the ingredients are quite impressive.",4.8,N/A
149,Ubtan Body Lotion with Turmeric & Kokum Butter for Glowing Skin ,https://mamaearth.in/product/ubtan-body-lotion-with-turmeric-kokum-butter-for-glowing-skin-400-ml,400ml,₹399.00,This lotion is really awesome...and also improves skin texture and enhance its suppleness...,5,N/A
150,CoCo Body Lotion With Coffee and Cocoa for Intense Moisturization ,https://mamaearth.in/product/coco-body-lotion-with-coffee-and-cocoa-for-intense-moisturization-400ml,400ml,₹399.00,Nice product...Must try!,4.8,N/A
151,Rose Body Lotion with Rose Water and Milk For Deep Hydration,https://mamaearth.in/product/rose-body-lotion-with-rose-water-and-milk-for-deep-hydration-400ml,400ml,₹399.00,"Wow what an amazing product! Smells awesome. It is very light and so spreads and absorbs within the skin easily. It keeps your skin moisturized through out the day. The pump system is an added plus point. Also, the bottle shape is cute. I love that it has olive oil in it which helps keep the skin supple.",5,N/A
152,Vitamin C Foaming Face Wash with Vitamin C & Turmeric for Skin Illumination,https://mamaearth.in/product/vitamin-c-foaming-face-wash-with-vitamin-c-turmeric-for-skin-illumination-150ml,150ml,₹399.00,Mamaearth vitaminC foaming facewash is an amazing product. It makes my skin so clear and soft. Love it. MUST TRY!,5,N/A
153,Rose Face Toner with Witch Hazel & Rose Water for Pore Tightening,https://mamaearth.in/product/rose-face-toner-with-witch-hazel-rose-water-for-pore-tightening-200ml,200ml,₹399.00,Mamaearth products are always good. It is the best toner in India..,4.9,N/A
154,Ubtan Hand Cream with Turmeric and Honey for Deep Moisturization,https://mamaearth.in/product/ubtan-hand-cream-with-turmeric-and-honey-for-deep-moisturization-50g,50g,₹349.00,Superb Product... Must buy!,5,N/A
155,Vitamin C Hand Cream with Vitamin C and Shea Butter for,https://mamaearth.in/product/vitamin-c-hand-cream-with-vitamin-c-and-shea-butter-for-intense-moisturization,,₹349.00,When it doubt get this vitamin c hand cream as it has shea butter which is very moisturizing and vitamin c protects from sun burn. It also helps kill germs which is a huge plus!,5,N/A
156,CoCo Hand Cream with Coffee & Cocoa for Rich Moisturization,https://mamaearth.in/product/coco-hand-cream-with-coffee-cocoa-for-rich-moisturization-50g,50g,₹349.00,Nice one...Loved it!!! Must buy,5,N/A
157,Micellar Water Foaming Makeup Remover with Rose Water & Glycolic Acid for Makeup Cleansing ,https://mamaearth.in/product/micellar-water-foaming-makeup-remover-with-rose-water-glycolic-acid-for-makeup-cleansing-150-ml,100ml,₹399.00,The formulation with miscellar water contains gentle ingredients that rid your skin of pollutants while giving it a gentle scrub.,5,N/A
158,Vitamin C Face Milk with Vitamin C and Peach for Skin Illumination ,https://mamaearth.in/product/vitamin-c-face-milk-with-vitamin-c-and-peach-for-skin-illumination-100-ml,100ml,₹449.00,Superb one. Must buy,4.9,N/A
159,Argan Shampoo and Conditioner,https://mamaearth.in/product/argan-shampoo-argan-conditioner,Combo,₹679.00,The quality of the Shampoo is very decent. you actually get a frizz-free liquid in the bottle. and conditioner does impact your hair positively.,5,(3% off)
160,Argan Hair Mask & Shampoo,https://mamaearth.in/product/argan-hair-mask-argan-shampoo,Shampoo,₹924.00,"This mask is really amazing.i just love it to the hecks.my hairs look super shiny,manageable,frizz free.
Earlier i could not open my hair after washing them because they looked like a nest ...but i am writing this review after using it for more than a month..and i am seriously loving it",5,(3% off)
161,Ubtan Face Scrub ,https://mamaearth.in/product/ubtan-face-scrub-ubtan-face-wash,Combo,₹589.00,N/A,5,(2% off)
162,BhringAmla Shampoo and,https://mamaearth.in/product/bhringamla-shampoo-and-conditioner-combo,Combo,₹679.00,Shampoo is very good after a 1st  wash my hair was soft and smooth,5,(3% off)
163,Ubtan Body Scrub with Turmeric & Saffron for Tan Removal ,https://mamaearth.in/product/ubtan-body-scrub-with-turmeric-saffron-for-tan-removal-200-g,200g,₹499.00,"brightens skin , highly recommended... lovely and helpful  products mama earth....    ",5,N/A
164,Neem Body Scrub with Neem & Tulsi for Skin Purification ,https://mamaearth.in/product/neem-body-scrub-with-neem-tulsi-for-skin-purification-200-g,200g,₹499.00,I was looking for an amla shampoo for hair loss and found  this from Mamaearth. it also has Bhringraj which is a plus and has helped me control hair fall.,5,N/A
165,Hand Sanitizer with Lime & Neem for Killing Germs ,https://mamaearth.in/product/hand-sanitizer-with-lime-neem-for-killing-germs-250-ml,250ml,₹299.00,I highly recommend this product .Its smells great and keeps our hands soft,5,N/A
166,Vitamin C Night Regimen,https://mamaearth.in/product/vitamin-c-night-regimen-combo,Combo,"₹1,749.00",I like all the product.. suits my skin.. It feels light to my skin,5,(5% off)
167,Vitamin C Day Regimen,https://mamaearth.in/product/vitamin-c-day-regimen-combo,Combo,"₹1,699.00",Gud product....Highly recommended,5,(3% off)
168,BhringAmla Conditioner with Bhringraj & Amla for Intense Hair Treatment,https://mamaearth.in/product/bhringamla-conditioner-with-bhringraj-amla-for-intense-hair-treatment-250ml,250ml,₹349.00,Nice conditioner...I ordered it for wife for dull hair ..now they become shiny some what good,4.9,N/A
169,BhringAmla Shampoo with Bhringraj & Amla for Intense Hair Treatment ,https://mamaearth.in/product/bhringamla-shampoo-with-bhringraj-amla-for-intense-hair-treatment-250-ml,250ml,₹349.00,Wow product and customer service,5,N/A
170,BhringAmla Hair Oil with Bhringraj & Amla for Intense Hair Treatment,https://mamaearth.in/product/bhringamla-hair-oil-with-bhringraj-amla-for-intense-hair-treatment-250ml,250ml,₹499.00,The amla and bhringraj oil for hair growth has been so so good. I love how healthy and full my hair look now. Much more healthier and stronger than before!,4.9,N/A
171,Tan Removal Regimen,https://mamaearth.in/product/tan-removal-regimen,,₹799.00,Loved the product and service,5,(27% off)
172,BhringAmla Hair Mask with Bhringraj & Amla for Intense Hair Treatment ,https://mamaearth.in/product/bhringamla-hair-mask-with-bhringraj-amla-for-intense-hair-treatment-200-g,200g,₹599.00,"First time I used mamaearth hair mask It really appreciable product. I really good rather than L'Oreal, wella etc.",5,N/A
173,HydraGel Indian Sunscreen with Aloe Vera & Raspberry for Sun Protection ,https://mamaearth.in/product/hydragel-indian-sunscreen-with-aloe-vera-raspberry-for-sun-protection-50-g,50g,₹399.00,Excellent product.,5,N/A
174,Vitamin C Face Wash with Vitamin C and Turmeric for Skin Illumination,https://mamaearth.in/product/vitamin-c-face-wash-with-vitamin-c-and-turmeric-for-skin-illumination-100ml,100ml,₹249.00,Very good product with good customer service,4.9,N/A
175,Vitamin C Face Cream with Vitamin C & SPF 20 for Skin Illumination,https://mamaearth.in/product/vitamin-c-face-cream-with-vitamin-c-spf-20-for-skin-illumination-50g,50g,₹599.00,I really love this product vitamin c is really important and it's the best face cream i found till now. It's chemical free what u want more. Thank u soo much mamaearth for opening all the products thank u!!!,5,N/A
176,Vitamin C Face Mask With Vitamin C & Kaolin Clay for Skin Illumination ,https://mamaearth.in/product/vitamin-c-face-mask-with-vitamin-c-kaolin-clay-for-skin-illumination-100-g,100g,₹499.00,good...must try,4.9,N/A
177,CoCo Face Wash with Coffee & Cocoa for Skin Awakening,https://mamaearth.in/product/coco-face-wash-with-coffee-and-cocoa-for-skin-awakening-100ml,100ml,₹249.00,"Really Amazing Product, Worth it, Must try!",5,N/A
178,CoCo Face Scrub with Coffee & Cocoa for Rich Exfoliation,https://mamaearth.in/product/coco-face-scrub-with-coffee-cocoa-for-rich-exfoliation-100g,100g,₹349.00,Firstly I would like to say that I like all the Coco products ...I do my waxing also chocolate waxing..I often get dead skin on my face and black heads...I try using this Coco scrub and it is amazing it cleans my face very well ...it is not Harsh on my face skin cleans v well and gives good effect,5,N/A
179,CoCo Face Mask with Coffee & Cocoa for Skin Awakening,https://mamaearth.in/product/coco-face-mask-with-coffee-cocoa-for-skin-awakening-100g,100g,₹499.00,Nice product... really helped tighten my skin... n made it tan free n vibrant... gave amazing results... loved it... gonna buy it again,4.8,N/A
180,Vitamin C Sleeping Mask with Aloe Vera for Skin Illumination ,https://mamaearth.in/product/vitamin-c-sleeping-mask-with-aloe-vera-for-skin-illumination-100-g,100g,₹599.00,Was looking for a face mask from a long time and someone recommended me this and I am happy I used this . It's really good and effective . Gave me glowing skin . Loved it,5,N/A
181,Ubtan Yogurt with Turmeric and Saffron for Deep Moisturization ,https://mamaearth.in/product/ubtan-yogurt-with-turmeric-and-saffron-for-deep-moisturization-200ml,200ml,₹499.00,"Just love this. awesome product .awesome smell, light quick absorb, one of my favorite. will be purchase  again and again..",5,N/A
182,"CoCo Yogurt, with Coffee and Cocoa for Rich Moisturization ",https://mamaearth.in/product/coco-yogurt-with-coffee-and-cocoa-for-rich-moisturization-200ml,200ml,₹499.00,This has super light weight formula. Gets absorbed real quick and provides nice moisturization. This smells like Coffee. Must buy product specially for oily skinned people,5,N/A
183,Hair Fall Control Regime Combo: Onion Shampoo 250ml and Onion Hair,https://mamaearth.in/product/tn-onion-mask-shampoo-combo,200ml,₹924.00,I am actually amazed after seeìng the results... its superb... made my hairs soft n smmoth n strong... really loved it.. it was worth the buy,5,(3% off)
184,"Hair Regrowth Combo : Onion Shampoo, 250ml and Onion",https://mamaearth.in/product/tn-hair-regrowth-combo-onion-shampoo-onion-conditioner,250ml,₹679.00,Best shampoo conditioner ever seen.. Reduces hairfall n makes hair soft n shiny,4.8,(3% off)
185,Onion Shampoo for Hair Growth and Hair Fall Control with Onion Oil and Plant Keratin,https://mamaearth.in/product/tn-mamaearth-onion-shampoo-for-hair-growth-hair-fall-control-with-onion-oil-plant-keratin-250-ml,250ml,₹349.00,This is the best onion hair oil for hair growth out there. It works so well that I have recommended it to all my friends and family already.,4.8,N/A
186,"Onion Hair Serum with Onion & Biotin for Strong, Frizz-Free Hair ",https://mamaearth.in/product/tn-onion-hair-serum-with-onion-biotin-for-strong-frizz-free-hair-100-ml,100ml,₹299.00,Good,4.9,N/A
187,"Onion Hair Mask, For Hair Fall Control, With Onion Oil and Organic Bamboo",https://mamaearth.in/product/tn-onion-hair-mask-for-hair-fall-control-with-onion-oil-organic-bamboo-vinegar-200ml,200ml,₹599.00,"Best hair mask for softening hair, hair fall reduction part yet to be observed. ",5,N/A
188,Onion Conditioner for Hair Growth and Hair Fall Control with Onion and,https://mamaearth.in/product/tn-mamaearth-onion-conditioner-for-hair-growth-hair-fall-control-with-onion-coconut-250ml,250ml,₹349.00,My curls have a new fav. The onion conditioner for hair has made my hair stronger and so much more easier to manage. A life saver!,4.8,N/A
189,Hairfall Control Kit,https://mamaearth.in/product/tn-hairfall-control-kit,Kit,₹999.00,N/A,4.9,(28% off)
190,Argan Conditioner with Argan & Apple Cider Vinegar for Frizz-Free and Stronger Hair,https://mamaearth.in/product/argan-conditioner-with-argan-apple-cider-vinegar-for-frizz-free-and-stronger-hair,250ml,₹349.00,Doing this conditioner after mamaearth argan shampoo gave me unpredictable result. I was not expecting that my scalp would feel so much nourish after the use of it.,5,N/A
191,Argan Shampoo with Argan & Apple Cider Vinegar for Frizz-free & Stronger Hair ,https://mamaearth.in/product/argan-shampoo-with-argan-apple-cider-vinegar-for-frizz-free-stronger-hair,250ml,₹349.00,I have used this for my dry hair and got good results.i have been trying variety of products and got a good deal from grabon,4.8,N/A
192,Onion Hair Oil and Onion Hair Mask,https://mamaearth.in/product/onion-hair-oil-onion-hair-mask,Combo,₹998.00,The onion hair oil is a must-have for anyone facing hair fall issues. The onion hair mask acts like a strawberry on dark chocolate cake providing deep nourishment to scalp and hair ends. I have personally experienced a reduction in hair fall.,5,N/A
193,Onion Hair Serum and Onion Hair,https://mamaearth.in/product/onion-hair-serum-onion-hair-oil,Combo,₹679.00,Mamaearth onion hair oil and serum aee amazing. Thankyou for such an amazing product. It has really helped me fight my hairfall problem. Love it,5,(3% off)
194,Onion Shampoo 400ml and Onion Conditioner,https://mamaearth.in/product/onion-shampoo-400ml-onion-conditioner-250ml,Combo,₹884.00,"This combo is too good.I was having dandruff issue but I am using this combo from last 1 month now there is no dandruff & my hairs are shining & smooth.
The fragrance of coconut is too good in conditioner.It is looking like it is made from herbal products.I recommend it to use it once to see the outcome",5,(3% off)
195,Onion Hair Serum and Onion Hair Mask,https://mamaearth.in/product/onion-hair-serum-onion-hair-mask,Combo,₹874.00,"this  product is amazing , it reduced my hair fall and now my hair are improving a lot . i recommend all of you to use this amazing product .",5,(3% off)
196,Ubtan Face Wash and Skin Illuminate Face,https://mamaearth.in/product/ubtan-face-wash-skin-illuminate-face-serum,Combo,₹824.00,"Great product, skin is supple soft and shining, I would any day recommend this product to friends and family members ",5,(3% off)
197,Skin Illuminate Face Serum and Bye Bye Dark Circles,https://mamaearth.in/product/skin-illuminate-face-serum-bye-bye-dark-circles,Combo,₹969.00,The perfect combo u could gift u. I have been using this for almost one month now and the darkness around my mouth is reduce and I can see visible difference under my eyes no more bags when I smile now,5,(3% off)
198,Bye Bye Blemishes 30g and Bye Bye Dark Circles,https://mamaearth.in/product/bye-bye-blemishes-30g-bye-bye-dark-circles,Combo,₹824.00,Mamaearth every product are awesome ❤️❤️,5,(3% off)
199,Tea Tree Shampoo and Onion Hair Oil,https://mamaearth.in/product/tea-tree-shampoo-onion-hair-oil,Combo,₹724.00,"overall both the products are very good I had severe hair fall and I also had a lot of dandruff problem, both these products worked for me very well ...tea tree has lots of properties and its goodness worked on my hair ...my hair are stronger than before and reduced hairfall and reduced dandruff",5,(3% off)
200,Skin Illuminate Face Serum and Bye Bye Blemishes,https://mamaearth.in/product/skin-illuminate-face-serum-bye-bye-blemishes-30g,Combo,₹999.00,It was good,5,(5% off)
201,Tea Tree Face Wash and Bye Bye Blemishes,https://mamaearth.in/product/tea-tree-face-wash-bye-bye-blemishes-30ml,Combo,₹679.00,Nice product,5,(2% off)
202,Onion Hair Oil for Hair Regrowth & Hair Fall,https://mamaearth.in/product/onion-hair-oil-for-hair-regrowth-hair-fall-control-with-redensyl-250ml,250ml,₹599.00,N/A,5,N/A
203,"Charcoal Face Scrub For Oily Skin & Normal skin, with Charcoal & Walnut for Deep Exfoliation",https://mamaearth.in/product/charcoal-face-scrub-for-oily-skin-normal-skin-with-charcoal-walnut-for-deep-exfoliation-100g,100g,₹349.00,Amazing product... gently exfoliates skin n takes away all the impurities out of pores n detans too... just loved it as i have oily skin...,4.8,N/A
204,Ubtan Face Scrub with Turmeric & Walnut for Tan Removal,https://mamaearth.in/product/ubtan-scrub-for-face-with-turmeric-walnut-for-tan-removal-100g,100g,₹349.00,This concept of ubtan is something I am in love with. The turmeric face scrub is now a part of my skin regime! Love the entire ubtan range.,5,N/A
205,"Vitamin C Face Toner with Vitamin C & Cucumber for Pore Tightening,",https://mamaearth.in/product/vitamin-c-face-toner-with-vitamin-c-cucumber-for-pore-tightening-200-ml,200ml,₹399.00,This is amazing,4.8,N/A
206,Aloe Vera Gel with Pure Aloe Vera & Vitamin E for Skin and Hair,https://mamaearth.in/product/aloe-vera-gel-for-face-with-pure-aloe-vera-vitamin-e-for-skin-and-hair-300ml,300ml,₹399.00,Started using this from last month and I have seen a change in my skin..it's glowing and clean..use it twice or thrice a day whenever I get time to wash my face,5,N/A
207,"Onion Hair Serum with Onion & Biotin for Strong, Frizz-Free Hair ",https://mamaearth.in/product/onion-hair-serum-with-onion-biotin-for-strong-frizz-free-hair-100-ml,100ml,₹299.00,N/A,4.9,N/A
208,Skin Correct Face Serum with Niacinamide and Ginger Extract for Acne Marks & Scars ,https://mamaearth.in/product/skin-correct-face-serum-with-niacinamide-and-ginger-extract-for-acne-marks-scars-30-ml,100ml,₹599.00,This is a great product for a person suffering form uneven skin and dull skin. My skin is much better now...  great product mamaearth...,5,N/A
209,Tea Tree Face Wash and Charcoal Face Wash,https://mamaearth.in/product/tea-tree-face-wash-charcoal-face-wash,Combo,₹489.00,"Have faced hormonal acne issues from.quiet long time nothing worked , truste it has done wonders on my skin and acne with scars are gone completely.. honest review ..",5,(2% off)
210,Day and Night Face Wash,https://mamaearth.in/product/ubtan-face-wash-tea-tree-face-wash-pack-of-2,Combo,₹489.00,N/A,4.9,(2% off)
211," Ubtan Facewash for tan removal, Pack Of 2",https://mamaearth.in/product/ubtan-facewash-for-tan-removal-pack-of-2,2,₹489.00,It is an awesome product by Mamaearth.,5,(2% off)
212,"Tea Tree Facewash for acne and pimples, Pack Of 2",https://mamaearth.in/product/tea-tree-facewash-for-acne-and-pimples-pack-of-2,2,₹489.00,Its an amazing product worth 5 star rating.... really helped me treat my skin n get rid of acne n pimples... skin feels fresh n clear.. worth buying,5,(2% off)
213,"Charcoal Facewash for oil control, Pack Of 2",https://mamaearth.in/product/charcoal-facewash-for-oil-control-pack-of-2,2,₹489.00,Awsome product... really declogs pores n makes skin fresh... has a soothing effect on skin... relaxes it.. takes away excess oil too... worth a buy,4.9,(2% off)
214,Skin Illuminate Face Serum for Radiant Skin with Vitamin C & Turmeric ,https://mamaearth.in/product/skin-illuminate-face-serum-for-radiant-skin-with-vitamin-c-turmeric-30-gm,gm,₹599.00,N/A,4.9,N/A
215,Bye Bye Dark Circles Eye Cream with Cucumber & Peptides for Dark Circles,https://mamaearth.in/product/bye-bye-dark-circles-eye-cream-with-cucumber-peptides-for-dark-circles-20ml,20ml,₹399.00,Hands down the best under eye cream for dark circles. I love it and does not feel sticky or look oily. I make sure to use this dark circle treatment every day.,5,N/A
216,Hair Fall Control Regime Combo: Onion Shampoo 250ml and Onion Hair,https://mamaearth.in/product/onion-mask-shampoo-combo,200ml,₹924.00,N/A,4.9,(3% off)
217,Onion Shampoo for Hair Growth and Hair Fall Control with Onion Oil and Plant,https://mamaearth.in/product/onion-shampoo-for-hair-growth-and-hair-fall-control-with-onion-oil-and-plant-keratin-400ml,400ml,₹559.00,Effective product.. It works,4.8,N/A
218,Onion Conditioner for Hair Growth and Hair Fall Control with Onion and Coconut,https://mamaearth.in/product/onion-conditioner-for-hair-growth-and-hair-fall-control-with-onion-and-coconut-400ml,400ml,₹559.00,super......product...,5,N/A
219,"Skin Plump Serum For Face Glow, with Hyaluronic Acid & Rosehip Oil for Ageless Skin",https://mamaearth.in/product/skin-plump-serum-for-face-glow-with-hyaluronic-acid-rosehip-oil-for-ageless-skin-30ml,30ml,₹599.00,The skin plump serum for glowing skin is a boon for my skin. Makes my skin feel smooth and over time I have started noticing that my skin’s texture has become so good.,4.8,N/A
220,Tea Tree Anti-Dandruff Hair Kit,https://mamaearth.in/product/tea-tree-anti-dandruff-hair-kit,Kit,₹999.00,Simply superb product... no itching n dryness n dandruff... scalp healed n got healthy over time.. loved it,4.9,(23% off)
221,Tea Tree Shampoo for Dandruff Free Hair,https://mamaearth.in/product/tea-tree-shampoo-for-dandruff-free-hair-250ml,250ml,₹349.00,It really worked after first use only. Thanks!! mamaearth,4.9,N/A
222,"CoCo Body Butter for Dry Skin, with Coffee & Cocoa for Deep",https://mamaearth.in/product/mamaearth-coco-body-butter-for-dry-skin-with-coffee-cocoa-for-deep-moisturization-200g,200g,₹599.00,Lovely product... nice chemical free ingredients.. mild fragrance that too chocolaty... works well.. hydrates super good... skin feels buttery smooth,5,N/A
223,"Ubtan Body Butter, For Dry Skin, With Turmeric & Honey, For Deep Nourishment",https://mamaearth.in/product/mamaearth-ubtan-body-butter-for-dry-skin-with-turmeric-honey-for-deep-nourishment-200g,200g,₹599.00,"I have a dry skin and after using this, feels soft and smooth. Its moisturize my skin for whole day. Really love this body butter and completly satisfied with this. Thank u so much Mamaearth for this Lovely product.",5,N/A
224,Wedding Glow Skincare Kit,https://mamaearth.in/product/wedding-glow-skincare-kit,Kit,₹999.00,Really awesome.Everyone should try .,4.8,(26% off)
225,"Neem Face Mask with Neem and Tea Tree for Pimples and Zits,",https://mamaearth.in/product/neem-face-mask-with-neem-tea-tree-for-pimples-zits-100-ml,100ml,₹499.00,"Even though Mamaearth neem face mask is not for dry skin, i've used it and it has been easy on my skin. Very comfortable and refreshing.",5,N/A
226,"Anti-Pollution Daily Face Cream, for Dry and Oily Skin, with Turmeric and Pollustop® For a Bright Glowing Skin ",https://mamaearth.in/product/anti-pollution-daily-face-cream-for-dry-oily-skin-with-turmeric-pollustop-for-a-bright-glowing-skin-80ml,80ml,₹349.00,The best buy online for glowing skin. Protects my skin and perfect for glowing skin. Mamaearth anti pollution face cream is my must-have.,4.8,N/A
227,Onion Conditioner for Hair Growth and Hair Fall Control with Onion and,https://mamaearth.in/product/mamaearth-onion-conditioner-for-hair-growth-hair-fall-control-with-onion-coconut-250ml,250ml,₹349.00,N/A,5,N/A
228,Onion Shampoo for Hair Growth and Hair Fall Control with Onion Oil and Plant Keratin,https://mamaearth.in/product/mamaearth-onion-shampoo-for-hair-growth-hair-fall-control-with-onion-oil-plant-keratin-250-ml,250ml,₹349.00,N/A,5,N/A
229,Onion Hair Oil for Hair Regrowth and Hair Fall Control with Redensyl,https://mamaearth.in/product/onion-hair-oil-for-hair-regrowth-hair-fall-control-with-redensyl-150ml,150ml,₹399.00,N/A,4.8,N/A
230,Mamaearth Epsom Bath Salt for Relaxation and Pain Relief ,https://mamaearth.in/product/buy-epsom-salt-online,200gm,₹399.00,"For skin and mind relaxation mamaearth Bath salts is the best buy. You must try it, the lavender smells divine.",5,N/A
231,"Onion Hair Mask, For Hair Fall Control, With Onion Oil and Organic Bamboo",https://mamaearth.in/product/onion-hair-mask-for-hair-fall-control-with-onion-oil-organic-bamboo-vinegar-200ml,200ml,₹599.00,N/A,5,N/A
232,Tea Tree Conditioner with Tea Tree & Ginger Oil for Dandruff Free,https://mamaearth.in/product/mamaearth-tea-tree-conditioner-with-tea-tree-ginger-oil-for-dandruff-free-hair-250ml,250ml,₹349.00,This actually made my scalp itch-free with such smooth hair.,5,N/A
233,Hair Fall Control Kit,https://mamaearth.in/product/hairfall-control-kit,Kit,₹999.00,"Super.....amazing.....

",5,(28% off)
234,Bye Bye Blemishes Face Cream for Reducing Pigmentation & Blemishes with Mulberry Extract & Vitamin C,https://mamaearth.in/product/bye-bye-blemishes-face-cream-for-pigmentation-blemish-removal-with-mulberry-extract-vitamin-c-30ml,30ml,₹449.00,I liked the face cream. it shows amazing results in just a week.  Mamaearth bye bye blemish is a very good product.,4.9,N/A
235," Castor Oil for Healthier Skin, Hair and Nails with 100% Pure and Natural Cold-Pressed",https://mamaearth.in/product/100-pure-natural-cold-pressed-castor-oil-for-healthier-skin-hair-nails-150ml,150ml,₹299.00,I love colouring my hair...with all the chemicals my hair was gettin dry and damaged.. So I started weekly use of castor oil by mamaearth and Iv for best results. My hair volume has increased and less splitends and dryness.,5,N/A
236,"Hair Regrowth Combo : Onion Shampoo, 250ml and Onion",https://mamaearth.in/product/hair-regrowth-combo-onion-shampoo-onion-conditioner,250ml,₹679.00,N/A,5,(3% off)
237,Revitalizing Turmeric Kit,https://mamaearth.in/product/revitalizing-turmeric-kit,Kit,"₹1,299.00",Very much impressed to see the packing. I got this combo from my friends and I started using one by one all products. Very happy with the brand. Organic yet effective result...,5,(27% off)
238,Aloe Turmeric Gel for Skin & Hair 300ml (Saver Pack),https://mamaearth.in/product/aloe-turmeric-gel-for-skin-hair-300ml,300ml,₹399.00,I have seen a change in my skin..it's glowing and clean..use it twice or thrice a day whenever I get time to wash my face. Started using it on my hair too..will definitely post how it's working,5,N/A
239,Aloe Turmeric Gel for Skin & Hair 150ml,https://mamaearth.in/product/aloe-turmeric-gel-for-skin-hair-150ml,150ml,₹249.00,"I just love Mamaearth's  aloe turmeric  gel.
Its a unique  combination  which very few brands having, and these both ingredients  works well on skin.
Very thin  hence easily  merged in skin so well.
Nice product.",5,N/A
240,"Anti Acne Combo: Oil Free Moisturizer, 80ml and Ultra Light Indian",https://mamaearth.in/product/anti-acne-combo-oil-free-moisturizer-ultra-light-indian-sunscreen,80ml,₹774.00,Awesome product ❤️,5,(3% off)
241,Oil-Free Face Moisturizer for Acne-Prone,https://mamaearth.in/product/oil-free-face-moisturizer-with-apple-cider-vinegar-for-acne-prone-skin,80ml,₹299.00,Mamaearth oil free face moisturizer is too chemical free and best for skin.,5,N/A
242,"Ultra Light Indian Sunscreen with Carrot Seed, Turmeric & SPF 50 PA+++",https://mamaearth.in/product/mamaearths-ultra-light-indian-sunscreen,80ml,₹499.00,No doubt that it is the best sunscreen cream for face. For oily skin it works the best by keeping it nourished and creating a protective layer that isn’t sticky.,4.9,N/A
243,"Sun Protection Combo : Sunscreen, 80ml and Ubtan Facewash",https://mamaearth.in/product/sun-protection-combo-sunscreen-ubtan-facewash,100ml,₹724.00,Really it works tried & tested. Really amazing .I had lots of spots on my face & after using it really I   very happy with the products.Thanks mamaearth......,5,(3% off)
244,"Skin Lightening & Brightening Combo : Ubtan Facemask, 100ml and Ubtan",https://mamaearth.in/product/mamaearth-combos-skin-lightening-and-brightening-combo,100ml,₹724.00,It's  really effective and good.,4.8,(3% off)
245,"Charcoal Secrets Combo: C3 Face Mask, 100ml and Charcoal Face Wash",https://mamaearth.in/product/charcoal-secrets-c3-face-mask-charcoal-face-wash,100ml,₹799.00,gives a glowing skin .. highly recommended..  it is made safe and 100% natural..,4.8,(6% off)
246,Ubtan Face Mask with Saffron & Turmeric for Skin Brightening and Tan Removal,https://mamaearth.in/product/ubtan-face-mask-for-skin-lightening-brightening,100g,₹499.00,N/A,4.9,N/A
247,"Healthy Hair Combo : Shampoo, 200ml",https://mamaearth.in/product/happy-heads-shampoo-no-more-tangles-conditioner-twin-pack,200ml,₹679.00,The conditioner is wow,5,(3% off)
248,Tea Tree Anti Dandruff Hair Mask,https://mamaearth.in/product/mamaearth-tea-tree-anti-dandruff-hair-mask,200ml,₹599.00,I m writing this review after few useges and I m absolutely in love with it ..it made my my hair look so volumeness and long which is not often in normal circumstances.frizzyness will be further reduced after few usages.so you need to be patient in that.it is a very safe products for you hair and scalp and you must own it..,5,N/A
249,Natural Radiance Day Cream,https://mamaearth.in/product/mamaearth-natural-radiance-day-cream,50ml,₹599.00,"This product is most useful to me. My skin is very smooth and glowing after use the this product. I love mama earth products very much.
",4.9,N/A
250,Ubtan Face Wash for Tan,https://mamaearth.in/product/ubtan-face-wash,100ml,₹249.00,It is indeed a great product. I bought it to post review. I used it for 2 and a half month and still doing. My blackheads are completely gone which seemed  to me an impossible task. Just because of mamaearth ubtan face wash.,4.9,N/A
251,Tea Tree Facewash for acne & pimples,https://mamaearth.in/product/tea-tree-face-wash,100ml,₹249.00,"This tea tree infused anti acne face wash worked really well for me. It helped in controlling my breakouts. Great product! – Ritesh, 24
 I believe this to be the best face wash for acne and pimples for me. The face wash doesn’t dry out my face and at the same time has decreased my acne",4.9,N/A
252,Charcoal Facewash ,https://mamaearth.in/product/best-charcoal-face-wash,100ml,₹249.00,It's a great product from mamaearth I can say. It has Mamaearth charcoal face wash. The fragrance is best...Cleanse my face nicely.. overall worth buying.,4.8,N/A
253,Anti Hair Fall Kit for complete hair care,https://mamaearth.in/product/anti-hair-fall-kit,kit,"₹1,199.00",Very nice it reduced hairfall very effective now hair looks more healthy,4.8,(25% off)
254,Pro-Growth Hair Tonic for better hair,https://mamaearth.in/product/buy-hair-growth-tonic,100ml,₹499.00,Amazing product****,4.8,N/A
255,Root Restore Hair Oil for hair fall,https://mamaearth.in/product/buy-natural-hair-oil,100ml,₹399.00,It is working for hair,4.8,N/A
256,Happy Heads Shampoo for healthy & stronger,https://mamaearth.in/product/buy-organic-shampoo-online,200ml,₹349.00,With changing weather I tend to get itchy and dry scalp with leads to dandruff. Mamaearth happy heads shampoo is great for controlling it.,4.8,N/A
257,No More Tangles Conditioner for fizz free,https://mamaearth.in/product/buy-hair-conditioner-online,200ml,₹349.00,"I have been using this kit for more than 1 month, and so far I have seen some visible result, it definitely reduced my hair fall and I can see few new hair on my scalp, it's a must use product for anyone losing hair and wants to grow it back. Thank you mama earth ",4.8,N/A
258,Stretch Marks Removal Cream,https://mamaearth.in/product/stretch-marks-removal-cream,100ml,₹500.00,Love this body cream for stretch marks. It is great for stretch marks removal cream after delivery.,4.7,N/A
259,Nipple Butter Cream for sore & cracked nipples,https://mamaearth.in/product/natural-nip-care-cream,50ml,₹500.00,It is a verygood product.  I m using it from last 4 months.  Very helpful for cracked nipples.,4.8,N/A
260,Mamaearth Under Eye Crème with Cucumber & Caffeine for Dark Circles,https://mamaearth.in/product/eye-dark-circle-removal,50ml,₹599.00,Hands down the best under eye cream for dark circles. I love it and does not feel sticky or look oily. I make sure to use this dark circle treatment every day.,4.8,N/A
261,"Argan Hair Mask with Argan, Avocado Oil, and Milk Protein for Frizz-free & Stronger Hair",https://mamaearth.in/product/argan-hair-mask,200ml,₹599.00,Mamaearth onion hair mask is an awesome  product  it makes my hair look so good and has helped me reduce hair fall..worth buying product,4.8,N/A
262,C3 Face Mask for healthy & glowing Skin,https://mamaearth.in/product/buy-charcoal-face-mask,100ml,₹599.00,It is the best charcoal face mask i have ever used. The best product by far for acne and dry skin. It really helped my skinnto glow naturally,4.8,N/A
263,Ubtan Body Wash With Turmeric & Saffron for Glowing Skin ,https://mamaearth.in/product/ubtan-body-wash-with-turmeric-saffron-for-glowing-skin-pack-of-2,2,₹598.00,N/A,0,N/A
264,Vitamin C Bamboo Sheet Mask with Vitamin C & Honey for Skin Illumination ,https://mamaearth.in/product/vitamin-c-bamboo-sheet-mask-with-vitamin-c-honey-for-skin-illumination-25-g,25g,₹149.00,Vit C face sheet mask is such a good for my dry skin. Vit C sheet mask made my skin glowing and amazing. It's makes me feel so happy. It's work and smell so good. I love this product. I always buying this this. Thank you mamaearth for this sheet mask.,5,N/A
265,Hydrating Natural Body Lotion with Cucumber & Aloe Vera for Normal Skin,https://mamaearth.in/product/body-lotion-for-normal-skin,250ml,₹299.00,Very smooth and light on skin and provides long lasting hydration. It is also very cooling which i like during summer time. Nimmi,5,N/A